{"cameraMode":{"drawMode":0,"name":"Shaded","section":"Shading Mode"},"sceneLighting":true,"audioPlay":false,"sceneViewState":{"m_AlwaysRefresh":false,"showFog":true,"showSkybox":true,"showFlares":true,"showImageEffects":true,"showParticleSystems":true,"showVisualEffectGraphs":true,"m_FxEnabled":true},"in2DMode":false,"pivot":{"x":-0.7887575626373291,"y":-1.3342725038528443,"z":9.763668060302735},"rotation":{"x":-0.08866624534130097,"y":0.024497488513588907,"z":-0.002181256888434291,"w":-0.9957596659660339},"size":17.087112426757814,"orthographic":false}